{"ajuda":{"name":"ajuda","active":null,"category":"Membros","slash":"SlashFolder\\Membros\\ajuda.js","editedAt":"2023-06-06T03:52:03.895Z","data":{"options":[],"name":"ajuda","description":"Lista todos os comandos disponíveis."}},"perfil":{"name":"perfil","active":null,"category":"Membros","slash":"SlashFolder\\Membros\\perfil.js","editedAt":"2023-06-06T03:43:07.482Z","data":{"options":[{"name":"usuário","description":"O usuário sobre o qual você deseja obter o perfil.","required":false,"type":6}],"name":"perfil","description":"Exibe informações do usuário."}},"ping":{"name":"ping","active":null,"category":"Membros","slash":"SlashFolder\\Membros\\ping.js","editedAt":"2023-06-06T03:23:40.189Z","data":{"options":[],"name":"ping","description":"Mostra o ping do bot"}},"servidor":{"name":"servidor","active":null,"category":"Membros","slash":"SlashFolder\\Membros\\servidor.js","editedAt":"2023-06-06T03:43:30.824Z","data":{"options":[],"name":"servidor","description":"Exibe informações sobre o servidor"}},"verificar":{"name":"verificar","active":null,"category":"Mercado Pago","slash":"SlashFolder\\Mercado Pago\\verificar.js","editedAt":"2023-06-07T01:11:07.080Z","data":{"options":[{"name":"payment_id","description":"O id do pagamento efetuado.","required":false,"type":6}],"name":"verificar","description":"Verifica status de compra."}}}