[
  {
    "id": "1",
    "name": "Undertale",
    "description":"Pacote de músicas do Album Undertale",
    "url": "http://alternight.ml:10003/Arquivos/Radio/Undertale",
    "emoji": "<:ESTUndertale:1112831460416684102>"
  },
  {
    "id": "2",
    "name": "Katana Zero",
    "description":"Pacote de músicas do Katana Zero",
    "url": "http://alternight.ml:10003/Arquivos/Radio/KatanaZero",
    "emoji": "<:katana:1113176594601742406>"
  },
  {
    "id": "3",
    "name": "Celeste",
    "description":"Pacote de músicas do Jogo Celeste",
    "url": "http://alternight.ml:10003/Arquivos/Radio/Celeste",
    "emoji": "<:CelesteEstation:1113219386518540439>"
  }
]
