{"client":{"id":"1037076897919680532","bot":true,"system":false,"flags":0,"username":"ALT-Box","discriminator":"1941","avatar":"3a6a2f5fe2c33e062d9a527d4cf86a24","verified":true,"mfaEnabled":false,"createdTimestamp":1667328800421,"defaultAvatarURL":"https://cdn.discordapp.com/embed/avatars/1.png","tag":"ALT-Box#1941","avatarURL":"https://cdn.discordapp.com/avatars/1037076897919680532/3a6a2f5fe2c33e062d9a527d4cf86a24.webp","displayAvatarURL":"https://cdn.discordapp.com/avatars/1037076897919680532/3a6a2f5fe2c33e062d9a527d4cf86a24.webp"}}